customer_id,segment_id,segment_name
4749,1,Customer clutter 1
4757,1,Customer clutter 1
144,1,Customer clutter 1
572,1,Customer clutter 1
669,1,Customer clutter 1
792,4,Customer clutter 4
928,1,Customer clutter 1
1031,1,Customer clutter 1
1079,2,Customer clutter 2
1325,1,Customer clutter 1
1395,5,Customer clutter 5
1869,5,Customer clutter 5
2301,1,Customer clutter 1
2377,4,Customer clutter 4
2925,5,Customer clutter 5
3070,1,Customer clutter 1
3116,4,Customer clutter 4
3149,5,Customer clutter 5
3566,1,Customer clutter 1
4005,1,Customer clutter 1
4446,1,Customer clutter 1
11801,1,Customer clutter 1
9311,5,Customer clutter 5
11798,5,Customer clutter 5
11796,1,Customer clutter 1
12014,1,Customer clutter 1
12016,4,Customer clutter 4
12008,4,Customer clutter 4
12019,1,Customer clutter 1
14780,1,Customer clutter 1
14770,4,Customer clutter 4
14778,1,Customer clutter 1
12020,1,Customer clutter 1
12027,1,Customer clutter 1
3594,4,Customer clutter 4
3606,4,Customer clutter 4
3597,4,Customer clutter 4
3605,4,Customer clutter 4
14,4,Customer clutter 4
14782,1,Customer clutter 1
6967,1,Customer clutter 1
9374,1,Customer clutter 1
6970,1,Customer clutter 1
3613,4,Customer clutter 4
12031,5,Customer clutter 5
14297,5,Customer clutter 5
12043,4,Customer clutter 4
6454,4,Customer clutter 4
12038,3,Customer clutter 3
15481,4,Customer clutter 4
11644,1,Customer clutter 1
14784,1,Customer clutter 1
6453,4,Customer clutter 4
11246,4,Customer clutter 4
45,5,Customer clutter 5
12047,1,Customer clutter 1
6989,1,Customer clutter 1
3617,1,Customer clutter 1
9808,5,Customer clutter 5
10809,1,Customer clutter 1
63,1,Customer clutter 1
52,1,Customer clutter 1
8636,4,Customer clutter 4
61,5,Customer clutter 5
6985,1,Customer clutter 1
14302,1,Customer clutter 1
8647,1,Customer clutter 1
5134,4,Customer clutter 4
12058,5,Customer clutter 5
3622,4,Customer clutter 4
67,2,Customer clutter 2
12055,5,Customer clutter 5
81,5,Customer clutter 5
77,1,Customer clutter 1
71,5,Customer clutter 5
68,1,Customer clutter 1
9491,4,Customer clutter 4
9501,4,Customer clutter 4
85,1,Customer clutter 1
83,1,Customer clutter 1
5130,1,Customer clutter 1
9492,1,Customer clutter 1
3644,3,Customer clutter 3
3633,1,Customer clutter 1
3641,4,Customer clutter 4
5137,4,Customer clutter 4
6981,1,Customer clutter 1
14790,5,Customer clutter 5
3636,3,Customer clutter 3
14309,4,Customer clutter 4
110,1,Customer clutter 1
9487,1,Customer clutter 1
12075,1,Customer clutter 1
5146,1,Customer clutter 1
111,1,Customer clutter 1
9807,1,Customer clutter 1
6992,5,Customer clutter 5
12077,4,Customer clutter 4
108,1,Customer clutter 1
12076,1,Customer clutter 1
8660,4,Customer clutter 4
9499,4,Customer clutter 4
117,1,Customer clutter 1
14797,4,Customer clutter 4
12084,1,Customer clutter 1
8662,3,Customer clutter 3
119,4,Customer clutter 4
15492,1,Customer clutter 1
3647,4,Customer clutter 4
7005,2,Customer clutter 2
8657,4,Customer clutter 4
14801,4,Customer clutter 4
12091,1,Customer clutter 1
123,5,Customer clutter 5
12097,3,Customer clutter 3
136,5,Customer clutter 5
133,4,Customer clutter 4
14805,1,Customer clutter 1
124,5,Customer clutter 5
140,1,Customer clutter 1
6460,1,Customer clutter 1
7017,5,Customer clutter 5
7016,4,Customer clutter 4
12095,1,Customer clutter 1
3663,3,Customer clutter 3
7010,5,Customer clutter 5
7019,1,Customer clutter 1
7013,4,Customer clutter 4
9502,4,Customer clutter 4
12103,5,Customer clutter 5
3660,3,Customer clutter 3
149,1,Customer clutter 1
8678,3,Customer clutter 3
14806,1,Customer clutter 1
15902,4,Customer clutter 4
9802,4,Customer clutter 4
156,4,Customer clutter 4
153,1,Customer clutter 1
157,3,Customer clutter 3
3671,1,Customer clutter 1
12110,1,Customer clutter 1
6461,3,Customer clutter 3
305,1,Customer clutter 1
11430,3,Customer clutter 3
7032,1,Customer clutter 1
166,1,Customer clutter 1
12114,1,Customer clutter 1
5169,4,Customer clutter 4
5175,4,Customer clutter 4
11861,1,Customer clutter 1
182,1,Customer clutter 1
8677,5,Customer clutter 5
170,4,Customer clutter 4
3676,4,Customer clutter 4
9580,1,Customer clutter 1
12120,1,Customer clutter 1
176,1,Customer clutter 1
8668,4,Customer clutter 4
186,4,Customer clutter 4
12128,1,Customer clutter 1
5170,1,Customer clutter 1
3679,1,Customer clutter 1
187,5,Customer clutter 5
9602,1,Customer clutter 1
7041,1,Customer clutter 1
15499,1,Customer clutter 1
11803,1,Customer clutter 1
7036,1,Customer clutter 1
8673,4,Customer clutter 4
12130,3,Customer clutter 3
9814,4,Customer clutter 4
7044,5,Customer clutter 5
7046,1,Customer clutter 1
14819,1,Customer clutter 1
12135,1,Customer clutter 1
14817,1,Customer clutter 1
191,1,Customer clutter 1
15911,1,Customer clutter 1
8694,5,Customer clutter 5
9825,4,Customer clutter 4
198,1,Customer clutter 1
3686,3,Customer clutter 3
12139,4,Customer clutter 4
5185,4,Customer clutter 4
201,4,Customer clutter 4
5189,2,Customer clutter 2
15502,1,Customer clutter 1
212,1,Customer clutter 1
12137,1,Customer clutter 1
9622,1,Customer clutter 1
10896,4,Customer clutter 4
6462,4,Customer clutter 4
9511,4,Customer clutter 4
12147,5,Customer clutter 5
5179,5,Customer clutter 5
206,3,Customer clutter 3
15503,4,Customer clutter 4
202,1,Customer clutter 1
221,5,Customer clutter 5
8689,3,Customer clutter 3
12149,1,Customer clutter 1
218,4,Customer clutter 4
10880,4,Customer clutter 4
215,5,Customer clutter 5
3685,4,Customer clutter 4
7053,1,Customer clutter 1
3690,1,Customer clutter 1
5198,5,Customer clutter 5
8688,5,Customer clutter 5
12153,1,Customer clutter 1
244,3,Customer clutter 3
231,4,Customer clutter 4
230,1,Customer clutter 1
232,4,Customer clutter 4
8693,3,Customer clutter 3
12156,1,Customer clutter 1
12158,1,Customer clutter 1
236,4,Customer clutter 4
9643,1,Customer clutter 1
7068,1,Customer clutter 1
256,5,Customer clutter 5
14326,4,Customer clutter 4
7077,1,Customer clutter 1
9516,1,Customer clutter 1
3695,1,Customer clutter 1
258,1,Customer clutter 1
8685,1,Customer clutter 1
3693,1,Customer clutter 1
12159,1,Customer clutter 1
257,5,Customer clutter 5
263,3,Customer clutter 3
7063,1,Customer clutter 1
5204,4,Customer clutter 4
247,5,Customer clutter 5
276,4,Customer clutter 4
7067,3,Customer clutter 3
3701,4,Customer clutter 4
277,5,Customer clutter 5
269,5,Customer clutter 5
8680,1,Customer clutter 1
5215,1,Customer clutter 1
14825,1,Customer clutter 1
14329,1,Customer clutter 1
275,5,Customer clutter 5
281,3,Customer clutter 3
280,1,Customer clutter 1
3702,5,Customer clutter 5
3711,4,Customer clutter 4
283,4,Customer clutter 4
6465,5,Customer clutter 5
7061,1,Customer clutter 1
14828,5,Customer clutter 5
9819,5,Customer clutter 5
10840,5,Customer clutter 5
7074,5,Customer clutter 5
7064,4,Customer clutter 4
12171,4,Customer clutter 4
12170,4,Customer clutter 4
11208,4,Customer clutter 4
6470,1,Customer clutter 1
12182,1,Customer clutter 1
9526,4,Customer clutter 4
3715,3,Customer clutter 3
7093,5,Customer clutter 5
312,4,Customer clutter 4
12183,4,Customer clutter 4
308,1,Customer clutter 1
309,1,Customer clutter 1
3728,3,Customer clutter 3
14335,5,Customer clutter 5
7079,4,Customer clutter 4
15513,1,Customer clutter 1
7091,1,Customer clutter 1
12189,3,Customer clutter 3
14834,1,Customer clutter 1
6468,1,Customer clutter 1
8701,1,Customer clutter 1
12188,5,Customer clutter 5
12195,1,Customer clutter 1
320,1,Customer clutter 1
12201,5,Customer clutter 5
324,1,Customer clutter 1
12198,1,Customer clutter 1
7094,5,Customer clutter 5
7083,5,Customer clutter 5
12202,1,Customer clutter 1
6471,5,Customer clutter 5
15920,1,Customer clutter 1
3727,4,Customer clutter 4
342,1,Customer clutter 1
7104,4,Customer clutter 4
11868,1,Customer clutter 1
14837,5,Customer clutter 5
5233,4,Customer clutter 4
341,4,Customer clutter 4
3733,4,Customer clutter 4
12212,1,Customer clutter 1
328,5,Customer clutter 5
5240,4,Customer clutter 4
10981,5,Customer clutter 5
3730,5,Customer clutter 5
5234,1,Customer clutter 1
12215,1,Customer clutter 1
12218,4,Customer clutter 4
352,1,Customer clutter 1
9847,5,Customer clutter 5
11323,3,Customer clutter 3
350,5,Customer clutter 5
11381,3,Customer clutter 3
349,4,Customer clutter 4
12221,4,Customer clutter 4
367,4,Customer clutter 4
359,5,Customer clutter 5
3741,1,Customer clutter 1
362,4,Customer clutter 4
368,4,Customer clutter 4
372,5,Customer clutter 5
5242,5,Customer clutter 5
11069,4,Customer clutter 4
7110,5,Customer clutter 5
14839,1,Customer clutter 1
12227,1,Customer clutter 1
3740,1,Customer clutter 1
356,1,Customer clutter 1
357,2,Customer clutter 2
5256,3,Customer clutter 3
9521,4,Customer clutter 4
5246,1,Customer clutter 1
386,4,Customer clutter 4
385,5,Customer clutter 5
14343,1,Customer clutter 1
12234,1,Customer clutter 1
12230,3,Customer clutter 3
9868,4,Customer clutter 4
12237,1,Customer clutter 1
12245,1,Customer clutter 1
6483,4,Customer clutter 4
7130,5,Customer clutter 5
9853,4,Customer clutter 4
3745,1,Customer clutter 1
398,1,Customer clutter 1
7131,1,Customer clutter 1
401,1,Customer clutter 1
395,1,Customer clutter 1
7126,1,Customer clutter 1
7124,1,Customer clutter 1
14846,4,Customer clutter 4
9855,5,Customer clutter 5
7127,1,Customer clutter 1
409,1,Customer clutter 1
404,2,Customer clutter 2
9856,1,Customer clutter 1
5261,5,Customer clutter 5
8720,1,Customer clutter 1
8717,3,Customer clutter 3
9527,5,Customer clutter 5
5264,1,Customer clutter 1
3759,1,Customer clutter 1
3756,4,Customer clutter 4
9836,1,Customer clutter 1
419,5,Customer clutter 5
3763,4,Customer clutter 4
12264,5,Customer clutter 5
7138,5,Customer clutter 5
412,1,Customer clutter 1
7135,5,Customer clutter 5
7132,5,Customer clutter 5
14351,1,Customer clutter 1
426,5,Customer clutter 5
12266,1,Customer clutter 1
427,1,Customer clutter 1
3760,1,Customer clutter 1
9863,1,Customer clutter 1
14848,1,Customer clutter 1
12269,4,Customer clutter 4
7141,1,Customer clutter 1
14353,5,Customer clutter 5
3781,4,Customer clutter 4
12271,5,Customer clutter 5
5268,1,Customer clutter 1
12276,3,Customer clutter 3
433,4,Customer clutter 4
434,1,Customer clutter 1
12277,5,Customer clutter 5
9879,3,Customer clutter 3
3780,5,Customer clutter 5
10928,1,Customer clutter 1
11473,1,Customer clutter 1
8719,5,Customer clutter 5
447,1,Customer clutter 1
10967,5,Customer clutter 5
7148,5,Customer clutter 5
7145,1,Customer clutter 1
445,4,Customer clutter 4
11633,1,Customer clutter 1
10901,1,Customer clutter 1
459,1,Customer clutter 1
9886,4,Customer clutter 4
12286,1,Customer clutter 1
9948,1,Customer clutter 1
11002,1,Customer clutter 1
7146,1,Customer clutter 1
7150,1,Customer clutter 1
474,1,Customer clutter 1
15527,1,Customer clutter 1
475,5,Customer clutter 5
7158,5,Customer clutter 5
8733,4,Customer clutter 4
3789,5,Customer clutter 5
7161,1,Customer clutter 1
15933,4,Customer clutter 4
15932,1,Customer clutter 1
5275,1,Customer clutter 1
9902,5,Customer clutter 5
9903,5,Customer clutter 5
9904,5,Customer clutter 5
11657,5,Customer clutter 5
14361,4,Customer clutter 4
496,1,Customer clutter 1
3798,4,Customer clutter 4
498,4,Customer clutter 4
15934,4,Customer clutter 4
11520,5,Customer clutter 5
7175,1,Customer clutter 1
11878,1,Customer clutter 1
7172,1,Customer clutter 1
12310,1,Customer clutter 1
5284,4,Customer clutter 4
8735,4,Customer clutter 4
515,1,Customer clutter 1
5296,1,Customer clutter 1
507,1,Customer clutter 1
510,1,Customer clutter 1
5290,4,Customer clutter 4
9918,4,Customer clutter 4
11808,1,Customer clutter 1
8738,4,Customer clutter 4
14866,1,Customer clutter 1
521,4,Customer clutter 4
523,1,Customer clutter 1
8746,1,Customer clutter 1
535,4,Customer clutter 4
6497,2,Customer clutter 2
14871,1,Customer clutter 1
538,1,Customer clutter 1
14872,5,Customer clutter 5
3817,4,Customer clutter 4
3818,1,Customer clutter 1
8754,1,Customer clutter 1
14870,1,Customer clutter 1
12323,1,Customer clutter 1
15939,1,Customer clutter 1
540,1,Customer clutter 1
8756,1,Customer clutter 1
12331,1,Customer clutter 1
541,1,Customer clutter 1
12329,4,Customer clutter 4
542,5,Customer clutter 5
7191,3,Customer clutter 3
550,1,Customer clutter 1
3819,1,Customer clutter 1
7199,4,Customer clutter 4
15942,1,Customer clutter 1
12338,1,Customer clutter 1
3820,1,Customer clutter 1
12344,5,Customer clutter 5
12339,1,Customer clutter 1
571,1,Customer clutter 1
12345,1,Customer clutter 1
8759,5,Customer clutter 5
12346,5,Customer clutter 5
559,5,Customer clutter 5
562,1,Customer clutter 1
5310,1,Customer clutter 1
579,4,Customer clutter 4
6506,1,Customer clutter 1
14375,1,Customer clutter 1
584,4,Customer clutter 4
9927,4,Customer clutter 4
11347,1,Customer clutter 1
588,5,Customer clutter 5
589,3,Customer clutter 3
7210,2,Customer clutter 2
12356,1,Customer clutter 1
15943,1,Customer clutter 1
9941,4,Customer clutter 4
12357,2,Customer clutter 2
7219,3,Customer clutter 3
5320,4,Customer clutter 4
3830,4,Customer clutter 4
12361,1,Customer clutter 1
15945,4,Customer clutter 4
5321,5,Customer clutter 5
12360,1,Customer clutter 1
594,3,Customer clutter 3
8778,4,Customer clutter 4
14377,1,Customer clutter 1
12363,1,Customer clutter 1
3839,4,Customer clutter 4
11104,4,Customer clutter 4
3844,5,Customer clutter 5
611,1,Customer clutter 1
11346,2,Customer clutter 2
616,4,Customer clutter 4
12372,4,Customer clutter 4
5319,1,Customer clutter 1
15541,1,Customer clutter 1
14881,1,Customer clutter 1
618,5,Customer clutter 5
14880,4,Customer clutter 4
12379,5,Customer clutter 5
3838,1,Customer clutter 1
5328,4,Customer clutter 4
5332,4,Customer clutter 4
14381,4,Customer clutter 4
620,1,Customer clutter 1
14885,1,Customer clutter 1
12394,1,Customer clutter 1
3843,4,Customer clutter 4
12393,5,Customer clutter 5
3848,4,Customer clutter 4
12391,1,Customer clutter 1
5330,1,Customer clutter 1
11885,4,Customer clutter 4
11057,1,Customer clutter 1
11433,4,Customer clutter 4
9953,5,Customer clutter 5
12401,1,Customer clutter 1
5331,4,Customer clutter 4
3845,1,Customer clutter 1
12398,1,Customer clutter 1
15544,4,Customer clutter 4
635,4,Customer clutter 4
11322,3,Customer clutter 3
9946,5,Customer clutter 5
6521,2,Customer clutter 2
647,1,Customer clutter 1
646,1,Customer clutter 1
11886,1,Customer clutter 1
649,5,Customer clutter 5
12409,1,Customer clutter 1
5339,1,Customer clutter 1
5340,4,Customer clutter 4
8784,1,Customer clutter 1
14887,5,Customer clutter 5
5351,1,Customer clutter 1
9556,4,Customer clutter 4
12412,1,Customer clutter 1
9968,3,Customer clutter 3
3855,1,Customer clutter 1
652,5,Customer clutter 5
14891,5,Customer clutter 5
662,5,Customer clutter 5
14389,1,Customer clutter 1
6523,1,Customer clutter 1
655,4,Customer clutter 4
657,4,Customer clutter 4
14893,3,Customer clutter 3
667,4,Customer clutter 4
12419,1,Customer clutter 1
5345,1,Customer clutter 1
3865,4,Customer clutter 4
12422,1,Customer clutter 1
9949,4,Customer clutter 4
674,1,Customer clutter 1
9966,1,Customer clutter 1
5358,1,Customer clutter 1
5356,1,Customer clutter 1
12432,5,Customer clutter 5
3870,1,Customer clutter 1
687,1,Customer clutter 1
12437,5,Customer clutter 5
12434,4,Customer clutter 4
5360,5,Customer clutter 5
7257,1,Customer clutter 1
697,4,Customer clutter 4
704,3,Customer clutter 3
711,3,Customer clutter 3
717,1,Customer clutter 1
8796,1,Customer clutter 1
12440,1,Customer clutter 1
7251,5,Customer clutter 5
712,1,Customer clutter 1
8789,3,Customer clutter 3
11140,4,Customer clutter 4
14398,1,Customer clutter 1
7263,1,Customer clutter 1
12443,1,Customer clutter 1
9974,4,Customer clutter 4
9975,4,Customer clutter 4
11889,1,Customer clutter 1
7250,4,Customer clutter 4
9977,4,Customer clutter 4
3877,1,Customer clutter 1
724,5,Customer clutter 5
11607,5,Customer clutter 5
7276,4,Customer clutter 4
725,1,Customer clutter 1
3881,1,Customer clutter 1
12450,1,Customer clutter 1
15554,1,Customer clutter 1
5363,4,Customer clutter 4
732,1,Customer clutter 1
5364,5,Customer clutter 5
9985,4,Customer clutter 4
734,4,Customer clutter 4
5365,1,Customer clutter 1
12452,5,Customer clutter 5
12453,1,Customer clutter 1
735,1,Customer clutter 1
7269,5,Customer clutter 5
737,5,Customer clutter 5
752,4,Customer clutter 4
746,1,Customer clutter 1
15960,1,Customer clutter 1
15556,5,Customer clutter 5
11615,1,Customer clutter 1
6536,4,Customer clutter 4
6541,5,Customer clutter 5
9983,1,Customer clutter 1
6537,1,Customer clutter 1
3887,4,Customer clutter 4
7289,5,Customer clutter 5
12473,5,Customer clutter 5
15963,1,Customer clutter 1
12467,1,Customer clutter 1
759,5,Customer clutter 5
7280,4,Customer clutter 4
8799,3,Customer clutter 3
14907,1,Customer clutter 1
755,5,Customer clutter 5
12474,1,Customer clutter 1
11408,1,Customer clutter 1
8814,3,Customer clutter 3
777,1,Customer clutter 1
3892,4,Customer clutter 4
3902,1,Customer clutter 1
5373,1,Customer clutter 1
6538,5,Customer clutter 5
770,1,Customer clutter 1
12476,1,Customer clutter 1
15966,4,Customer clutter 4
3893,4,Customer clutter 4
14407,1,Customer clutter 1
11895,1,Customer clutter 1
11204,4,Customer clutter 4
5378,3,Customer clutter 3
11894,1,Customer clutter 1
788,1,Customer clutter 1
7307,4,Customer clutter 4
14909,1,Customer clutter 1
5377,4,Customer clutter 4
11641,3,Customer clutter 3
786,1,Customer clutter 1
12482,1,Customer clutter 1
8812,4,Customer clutter 4
7302,5,Customer clutter 5
787,4,Customer clutter 4
11896,1,Customer clutter 1
12480,5,Customer clutter 5
10008,4,Customer clutter 4
7303,4,Customer clutter 4
15967,5,Customer clutter 5
7299,1,Customer clutter 1
12489,4,Customer clutter 4
795,1,Customer clutter 1
12485,1,Customer clutter 1
12490,1,Customer clutter 1
12483,5,Customer clutter 5
14910,1,Customer clutter 1
14412,1,Customer clutter 1
14409,1,Customer clutter 1
8813,1,Customer clutter 1
9564,5,Customer clutter 5
808,1,Customer clutter 1
827,1,Customer clutter 1
8819,1,Customer clutter 1
838,1,Customer clutter 1
828,4,Customer clutter 4
15972,4,Customer clutter 4
15970,4,Customer clutter 4
7314,4,Customer clutter 4
832,4,Customer clutter 4
7329,5,Customer clutter 5
7330,1,Customer clutter 1
825,1,Customer clutter 1
7331,5,Customer clutter 5
846,4,Customer clutter 4
848,1,Customer clutter 1
11362,4,Customer clutter 4
850,1,Customer clutter 1
12510,1,Customer clutter 1
12508,1,Customer clutter 1
5393,4,Customer clutter 4
12511,1,Customer clutter 1
11565,1,Customer clutter 1
12522,1,Customer clutter 1
12517,1,Customer clutter 1
11249,3,Customer clutter 3
12520,1,Customer clutter 1
858,5,Customer clutter 5
15568,1,Customer clutter 1
10000,3,Customer clutter 3
11559,5,Customer clutter 5
12523,5,Customer clutter 5
859,1,Customer clutter 1
7334,5,Customer clutter 5
14920,1,Customer clutter 1
3940,1,Customer clutter 1
10945,4,Customer clutter 4
867,1,Customer clutter 1
12530,5,Customer clutter 5
15571,1,Customer clutter 1
15978,5,Customer clutter 5
5399,1,Customer clutter 1
11572,5,Customer clutter 5
14922,5,Customer clutter 5
15573,1,Customer clutter 1
3945,4,Customer clutter 4
11114,2,Customer clutter 2
12537,1,Customer clutter 1
7336,4,Customer clutter 4
11190,5,Customer clutter 5
871,4,Customer clutter 4
12538,1,Customer clutter 1
11706,1,Customer clutter 1
5407,1,Customer clutter 1
12541,4,Customer clutter 4
3947,4,Customer clutter 4
872,5,Customer clutter 5
15980,4,Customer clutter 4
10822,5,Customer clutter 5
10013,4,Customer clutter 4
7346,1,Customer clutter 1
11349,4,Customer clutter 4
3953,1,Customer clutter 1
3949,4,Customer clutter 4
12545,4,Customer clutter 4
8833,3,Customer clutter 3
8836,1,Customer clutter 1
7345,2,Customer clutter 2
7342,4,Customer clutter 4
12548,1,Customer clutter 1
6558,1,Customer clutter 1
7365,1,Customer clutter 1
896,1,Customer clutter 1
8841,2,Customer clutter 2
7362,4,Customer clutter 4
8844,4,Customer clutter 4
12557,3,Customer clutter 3
898,4,Customer clutter 4
11038,3,Customer clutter 3
12550,1,Customer clutter 1
10015,1,Customer clutter 1
11194,2,Customer clutter 2
12563,1,Customer clutter 1
3967,1,Customer clutter 1
11676,5,Customer clutter 5
912,5,Customer clutter 5
12562,5,Customer clutter 5
11357,1,Customer clutter 1
14427,5,Customer clutter 5
914,4,Customer clutter 4
905,2,Customer clutter 2
906,1,Customer clutter 1
910,4,Customer clutter 4
14931,4,Customer clutter 4
7359,1,Customer clutter 1
3961,2,Customer clutter 2
12569,5,Customer clutter 5
12570,5,Customer clutter 5
14932,4,Customer clutter 4
919,1,Customer clutter 1
15588,5,Customer clutter 5
925,1,Customer clutter 1
11592,4,Customer clutter 4
14428,5,Customer clutter 5
12574,1,Customer clutter 1
6562,3,Customer clutter 3
10022,3,Customer clutter 3
921,3,Customer clutter 3
8840,3,Customer clutter 3
3978,4,Customer clutter 4
12576,1,Customer clutter 1
3968,1,Customer clutter 1
12573,5,Customer clutter 5
10023,4,Customer clutter 4
937,4,Customer clutter 4
942,5,Customer clutter 5
3973,5,Customer clutter 5
5431,4,Customer clutter 4
935,5,Customer clutter 5
8851,4,Customer clutter 4
11905,1,Customer clutter 1
945,5,Customer clutter 5
5426,3,Customer clutter 3
7372,4,Customer clutter 4
946,4,Customer clutter 4
951,1,Customer clutter 1
7379,5,Customer clutter 5
8862,3,Customer clutter 3
6565,4,Customer clutter 4
10030,5,Customer clutter 5
953,5,Customer clutter 5
7368,1,Customer clutter 1
11649,5,Customer clutter 5
5869,1,Customer clutter 1
3990,4,Customer clutter 4
12596,1,Customer clutter 1
3997,5,Customer clutter 5
5440,1,Customer clutter 1
972,1,Customer clutter 1
977,5,Customer clutter 5
974,5,Customer clutter 5
10862,1,Customer clutter 1
11530,2,Customer clutter 2
7384,3,Customer clutter 3
12598,1,Customer clutter 1
8863,4,Customer clutter 4
7385,2,Customer clutter 2
7386,3,Customer clutter 3
12606,1,Customer clutter 1
10873,3,Customer clutter 3
10041,5,Customer clutter 5
11524,4,Customer clutter 4
1379,1,Customer clutter 1
12611,1,Customer clutter 1
5871,1,Customer clutter 1
12613,1,Customer clutter 1
14442,5,Customer clutter 5
12616,1,Customer clutter 1
12618,5,Customer clutter 5
4006,1,Customer clutter 1
5460,3,Customer clutter 3
7401,1,Customer clutter 1
7399,1,Customer clutter 1
14445,1,Customer clutter 1
14444,1,Customer clutter 1
5453,5,Customer clutter 5
9588,4,Customer clutter 4
5455,1,Customer clutter 1
14951,5,Customer clutter 5
6569,4,Customer clutter 4
12628,4,Customer clutter 4
7414,4,Customer clutter 4
4020,5,Customer clutter 5
1008,2,Customer clutter 2
1019,4,Customer clutter 4
6566,4,Customer clutter 4
14446,4,Customer clutter 4
8876,5,Customer clutter 5
5457,1,Customer clutter 1
7405,5,Customer clutter 5
1018,4,Customer clutter 4
1024,1,Customer clutter 1
12635,5,Customer clutter 5
1015,5,Customer clutter 5
11911,1,Customer clutter 1
1037,1,Customer clutter 1
1030,1,Customer clutter 1
15596,1,Customer clutter 1
7406,4,Customer clutter 4
7407,5,Customer clutter 5
4024,1,Customer clutter 1
4025,1,Customer clutter 1
5470,4,Customer clutter 4
12640,1,Customer clutter 1
12641,5,Customer clutter 5
12644,1,Customer clutter 1
4028,1,Customer clutter 1
4030,4,Customer clutter 4
7418,5,Customer clutter 5
7428,1,Customer clutter 1
11701,5,Customer clutter 5
1043,5,Customer clutter 5
1045,1,Customer clutter 1
11816,1,Customer clutter 1
1046,4,Customer clutter 4
12647,4,Customer clutter 4
12650,1,Customer clutter 1
11475,2,Customer clutter 2
5467,3,Customer clutter 3
7422,1,Customer clutter 1
1050,1,Customer clutter 1
11286,4,Customer clutter 4
14962,1,Customer clutter 1
14963,1,Customer clutter 1
6573,3,Customer clutter 3
5472,1,Customer clutter 1
1060,5,Customer clutter 5
7436,1,Customer clutter 1
4035,5,Customer clutter 5
11560,5,Customer clutter 5
7433,5,Customer clutter 5
12657,5,Customer clutter 5
1071,5,Customer clutter 5
16002,1,Customer clutter 1
1064,4,Customer clutter 4
15601,1,Customer clutter 1
1074,1,Customer clutter 1
1073,4,Customer clutter 4
1075,1,Customer clutter 1
12668,3,Customer clutter 3
11288,5,Customer clutter 5
1076,1,Customer clutter 1
10072,1,Customer clutter 1
1083,5,Customer clutter 5
14967,4,Customer clutter 4
5492,1,Customer clutter 1
1081,4,Customer clutter 4
7435,5,Customer clutter 5
11441,5,Customer clutter 5
4047,4,Customer clutter 4
5485,1,Customer clutter 1
1078,1,Customer clutter 1
11164,2,Customer clutter 2
7448,1,Customer clutter 1
1540,1,Customer clutter 1
6022,1,Customer clutter 1
12675,1,Customer clutter 1
4042,1,Customer clutter 1
15604,5,Customer clutter 5
7460,5,Customer clutter 5
9584,1,Customer clutter 1
7458,3,Customer clutter 3
4044,1,Customer clutter 1
7454,5,Customer clutter 5
1096,1,Customer clutter 1
15605,1,Customer clutter 1
7462,4,Customer clutter 4
1089,1,Customer clutter 1
4045,5,Customer clutter 5
12682,1,Customer clutter 1
14974,1,Customer clutter 1
11180,5,Customer clutter 5
10086,1,Customer clutter 1
12687,3,Customer clutter 3
10087,4,Customer clutter 4
11265,5,Customer clutter 5
5502,4,Customer clutter 4
5503,1,Customer clutter 1
4051,5,Customer clutter 5
9586,4,Customer clutter 4
14976,1,Customer clutter 1
1101,5,Customer clutter 5
8893,5,Customer clutter 5
1113,5,Customer clutter 5
9587,5,Customer clutter 5
1117,1,Customer clutter 1
4053,1,Customer clutter 1
1118,4,Customer clutter 4
1109,5,Customer clutter 5
10093,5,Customer clutter 5
10094,1,Customer clutter 1
14979,1,Customer clutter 1
7470,1,Customer clutter 1
12693,1,Customer clutter 1
5501,4,Customer clutter 4
1121,1,Customer clutter 1
5498,5,Customer clutter 5
10098,4,Customer clutter 4
1122,3,Customer clutter 3
5518,1,Customer clutter 1
4063,4,Customer clutter 4
1129,4,Customer clutter 4
1128,4,Customer clutter 4
4066,1,Customer clutter 1
12703,1,Customer clutter 1
12705,5,Customer clutter 5
12707,1,Customer clutter 1
4070,4,Customer clutter 4
7479,1,Customer clutter 1
15609,1,Customer clutter 1
4073,4,Customer clutter 4
4069,1,Customer clutter 1
5512,5,Customer clutter 5
4075,1,Customer clutter 1
7484,1,Customer clutter 1
12711,1,Customer clutter 1
7478,1,Customer clutter 1
8888,5,Customer clutter 5
14459,1,Customer clutter 1
9592,3,Customer clutter 3
14984,1,Customer clutter 1
1147,1,Customer clutter 1
14982,1,Customer clutter 1
1143,1,Customer clutter 1
1145,1,Customer clutter 1
12719,5,Customer clutter 5
5510,1,Customer clutter 1
12721,1,Customer clutter 1
6590,1,Customer clutter 1
9593,4,Customer clutter 4
7494,4,Customer clutter 4
7499,5,Customer clutter 5
4084,1,Customer clutter 1
1152,2,Customer clutter 2
1149,3,Customer clutter 3
6587,4,Customer clutter 4
6588,1,Customer clutter 1
4083,4,Customer clutter 4
10107,5,Customer clutter 5
4079,3,Customer clutter 3
4082,1,Customer clutter 1
12733,1,Customer clutter 1
8911,3,Customer clutter 3
1163,1,Customer clutter 1
12731,1,Customer clutter 1
10108,4,Customer clutter 4
1168,5,Customer clutter 5
7518,4,Customer clutter 4
12738,1,Customer clutter 1
7513,1,Customer clutter 1
12735,1,Customer clutter 1
8909,5,Customer clutter 5
12739,1,Customer clutter 1
1172,5,Customer clutter 5
4086,5,Customer clutter 5
10113,4,Customer clutter 4
10114,1,Customer clutter 1
1174,1,Customer clutter 1
6600,4,Customer clutter 4
5530,1,Customer clutter 1
11456,3,Customer clutter 3
5542,1,Customer clutter 1
14995,4,Customer clutter 4
12746,1,Customer clutter 1
7516,2,Customer clutter 2
4098,5,Customer clutter 5
12744,2,Customer clutter 2
5540,4,Customer clutter 4
14464,1,Customer clutter 1
10129,5,Customer clutter 5
7517,1,Customer clutter 1
12753,1,Customer clutter 1
9600,4,Customer clutter 4
5533,1,Customer clutter 1
15616,1,Customer clutter 1
1195,5,Customer clutter 5
11753,1,Customer clutter 1
15617,1,Customer clutter 1
7531,1,Customer clutter 1
1201,4,Customer clutter 4
8912,2,Customer clutter 2
1206,4,Customer clutter 4
9611,2,Customer clutter 2
14998,1,Customer clutter 1
1212,1,Customer clutter 1
6602,4,Customer clutter 4
11528,3,Customer clutter 3
10126,3,Customer clutter 3
1218,1,Customer clutter 1
10869,2,Customer clutter 2
14999,1,Customer clutter 1
5543,4,Customer clutter 4
1233,1,Customer clutter 1
1226,5,Customer clutter 5
1222,1,Customer clutter 1
1223,4,Customer clutter 4
16012,1,Customer clutter 1
5544,4,Customer clutter 4
1224,1,Customer clutter 1
1228,1,Customer clutter 1
5550,1,Customer clutter 1
7536,5,Customer clutter 5
4109,4,Customer clutter 4
12766,1,Customer clutter 1
7520,1,Customer clutter 1
7529,4,Customer clutter 4
10127,5,Customer clutter 5
1241,4,Customer clutter 4
9604,3,Customer clutter 3
1242,5,Customer clutter 5
16018,1,Customer clutter 1
10133,1,Customer clutter 1
12771,1,Customer clutter 1
7538,3,Customer clutter 3
5553,1,Customer clutter 1
1254,3,Customer clutter 3
1250,1,Customer clutter 1
1253,4,Customer clutter 4
1257,5,Customer clutter 5
4118,1,Customer clutter 1
15621,1,Customer clutter 1
5557,1,Customer clutter 1
7554,5,Customer clutter 5
15003,1,Customer clutter 1
5556,1,Customer clutter 1
1265,1,Customer clutter 1
12778,1,Customer clutter 1
5558,4,Customer clutter 4
1267,1,Customer clutter 1
10137,4,Customer clutter 4
6609,2,Customer clutter 2
1268,4,Customer clutter 4
9606,4,Customer clutter 4
16022,4,Customer clutter 4
5561,4,Customer clutter 4
9608,4,Customer clutter 4
5562,4,Customer clutter 4
11324,1,Customer clutter 1
7559,4,Customer clutter 4
12792,1,Customer clutter 1
7572,1,Customer clutter 1
5578,4,Customer clutter 4
1281,5,Customer clutter 5
1286,5,Customer clutter 5
12796,2,Customer clutter 2
10153,5,Customer clutter 5
4135,1,Customer clutter 1
10975,1,Customer clutter 1
4140,4,Customer clutter 4
10146,1,Customer clutter 1
4134,4,Customer clutter 4
11066,4,Customer clutter 4
1284,1,Customer clutter 1
12798,1,Customer clutter 1
15622,1,Customer clutter 1
10155,4,Customer clutter 4
4149,1,Customer clutter 1
12800,5,Customer clutter 5
5580,3,Customer clutter 3
10176,2,Customer clutter 2
1292,4,Customer clutter 4
1301,1,Customer clutter 1
7560,1,Customer clutter 1
1308,1,Customer clutter 1
4163,4,Customer clutter 4
11423,3,Customer clutter 3
10159,1,Customer clutter 1
7576,5,Customer clutter 5
12816,5,Customer clutter 5
14481,1,Customer clutter 1
11666,1,Customer clutter 1
1322,1,Customer clutter 1
4151,4,Customer clutter 4
16029,1,Customer clutter 1
15016,1,Customer clutter 1
11919,1,Customer clutter 1
10163,5,Customer clutter 5
7587,2,Customer clutter 2
4158,1,Customer clutter 1
1330,2,Customer clutter 2
10165,4,Customer clutter 4
4166,4,Customer clutter 4
5601,1,Customer clutter 1
10168,4,Customer clutter 4
15018,1,Customer clutter 1
15019,1,Customer clutter 1
12825,1,Customer clutter 1
12828,4,Customer clutter 4
1340,1,Customer clutter 1
11567,5,Customer clutter 5
10172,4,Customer clutter 4
5596,4,Customer clutter 4
16031,1,Customer clutter 1
10174,4,Customer clutter 4
12829,1,Customer clutter 1
15022,5,Customer clutter 5
12831,1,Customer clutter 1
1364,1,Customer clutter 1
7607,4,Customer clutter 4
4176,1,Customer clutter 1
12834,5,Customer clutter 5
1357,3,Customer clutter 3
5593,1,Customer clutter 1
7604,4,Customer clutter 4
6618,5,Customer clutter 5
15634,5,Customer clutter 5
12838,5,Customer clutter 5
10184,4,Customer clutter 4
6620,1,Customer clutter 1
12844,1,Customer clutter 1
4173,1,Customer clutter 1
1378,5,Customer clutter 5
15024,1,Customer clutter 1
12846,4,Customer clutter 4
1935,1,Customer clutter 1
6621,1,Customer clutter 1
8947,1,Customer clutter 1
11157,4,Customer clutter 4
1382,5,Customer clutter 5
6622,1,Customer clutter 1
12852,1,Customer clutter 1
16038,1,Customer clutter 1
1388,1,Customer clutter 1
12847,1,Customer clutter 1
14495,1,Customer clutter 1
14496,1,Customer clutter 1
1397,4,Customer clutter 4
4188,1,Customer clutter 1
10188,5,Customer clutter 5
10189,1,Customer clutter 1
12855,5,Customer clutter 5
11724,1,Customer clutter 1
11350,5,Customer clutter 5
12865,5,Customer clutter 5
4187,5,Customer clutter 5
12863,5,Customer clutter 5
1399,4,Customer clutter 4
1413,5,Customer clutter 5
12862,5,Customer clutter 5
1412,1,Customer clutter 1
16039,1,Customer clutter 1
12861,5,Customer clutter 5
5615,5,Customer clutter 5
1406,1,Customer clutter 1
14500,4,Customer clutter 4
14503,1,Customer clutter 1
11555,4,Customer clutter 4
11112,4,Customer clutter 4
12875,1,Customer clutter 1
16040,1,Customer clutter 1
4193,4,Customer clutter 4
1419,1,Customer clutter 1
11297,3,Customer clutter 3
12872,1,Customer clutter 1
1421,1,Customer clutter 1
12874,5,Customer clutter 5
7626,2,Customer clutter 2
8953,1,Customer clutter 1
7620,1,Customer clutter 1
15035,1,Customer clutter 1
7621,5,Customer clutter 5
6631,5,Customer clutter 5
16041,1,Customer clutter 1
1432,5,Customer clutter 5
10197,1,Customer clutter 1
6632,3,Customer clutter 3
5622,1,Customer clutter 1
1433,1,Customer clutter 1
16043,3,Customer clutter 3
12886,5,Customer clutter 5
12883,5,Customer clutter 5
1437,4,Customer clutter 4
1442,5,Customer clutter 5
9624,3,Customer clutter 3
14506,1,Customer clutter 1
12889,1,Customer clutter 1
1446,5,Customer clutter 5
5625,4,Customer clutter 4
7644,4,Customer clutter 4
1454,2,Customer clutter 2
1461,4,Customer clutter 4
11695,4,Customer clutter 4
5635,1,Customer clutter 1
7650,1,Customer clutter 1
15651,1,Customer clutter 1
7643,3,Customer clutter 3
5630,5,Customer clutter 5
7658,1,Customer clutter 1
11054,5,Customer clutter 5
9625,1,Customer clutter 1
1474,5,Customer clutter 5
1464,5,Customer clutter 5
4207,4,Customer clutter 4
12901,1,Customer clutter 1
5631,4,Customer clutter 4
1469,1,Customer clutter 1
1473,1,Customer clutter 1
5636,5,Customer clutter 5
8968,4,Customer clutter 4
1484,4,Customer clutter 4
1480,3,Customer clutter 3
7665,1,Customer clutter 1
4219,4,Customer clutter 4
8966,4,Customer clutter 4
12915,5,Customer clutter 5
8972,3,Customer clutter 3
7675,2,Customer clutter 2
5641,4,Customer clutter 4
1497,1,Customer clutter 1
12917,1,Customer clutter 1
5642,1,Customer clutter 1
8982,1,Customer clutter 1
11620,4,Customer clutter 4
12920,1,Customer clutter 1
11926,1,Customer clutter 1
1500,1,Customer clutter 1
7660,4,Customer clutter 4
16048,1,Customer clutter 1
10223,3,Customer clutter 3
15654,1,Customer clutter 1
7683,1,Customer clutter 1
12922,1,Customer clutter 1
12925,5,Customer clutter 5
1511,1,Customer clutter 1
1509,1,Customer clutter 1
5647,4,Customer clutter 4
1514,5,Customer clutter 5
1508,1,Customer clutter 1
11927,1,Customer clutter 1
12930,4,Customer clutter 4
1524,5,Customer clutter 5
8987,2,Customer clutter 2
1520,5,Customer clutter 5
1529,1,Customer clutter 1
1519,1,Customer clutter 1
10911,5,Customer clutter 5
12934,1,Customer clutter 1
14515,1,Customer clutter 1
6647,4,Customer clutter 4
4238,4,Customer clutter 4
10222,4,Customer clutter 4
12935,1,Customer clutter 1
7699,3,Customer clutter 3
4232,4,Customer clutter 4
16049,1,Customer clutter 1
1557,1,Customer clutter 1
11182,5,Customer clutter 5
12945,1,Customer clutter 1
10232,1,Customer clutter 1
7700,1,Customer clutter 1
15059,1,Customer clutter 1
4231,5,Customer clutter 5
2183,1,Customer clutter 1
4235,5,Customer clutter 5
6540,1,Customer clutter 1
5667,1,Customer clutter 1
5664,3,Customer clutter 3
4243,5,Customer clutter 5
12950,5,Customer clutter 5
16054,1,Customer clutter 1
5665,1,Customer clutter 1
1567,5,Customer clutter 5
12946,4,Customer clutter 4
1559,1,Customer clutter 1
10234,4,Customer clutter 4
8997,5,Customer clutter 5
1580,1,Customer clutter 1
1579,4,Customer clutter 4
7705,5,Customer clutter 5
10958,4,Customer clutter 4
7710,4,Customer clutter 4
4242,1,Customer clutter 1
6654,1,Customer clutter 1
10925,3,Customer clutter 3
1589,5,Customer clutter 5
1588,3,Customer clutter 3
4245,4,Customer clutter 4
5679,1,Customer clutter 1
12964,5,Customer clutter 5
8994,4,Customer clutter 4
15070,5,Customer clutter 5
4258,4,Customer clutter 4
10242,1,Customer clutter 1
15068,1,Customer clutter 1
4254,1,Customer clutter 1
9011,5,Customer clutter 5
7715,1,Customer clutter 1
11825,1,Customer clutter 1
1594,1,Customer clutter 1
1595,1,Customer clutter 1
7726,3,Customer clutter 3
4257,1,Customer clutter 1
9001,5,Customer clutter 5
1604,5,Customer clutter 5
4268,1,Customer clutter 1
12968,1,Customer clutter 1
10248,2,Customer clutter 2
9634,1,Customer clutter 1
15664,1,Customer clutter 1
11761,1,Customer clutter 1
12969,5,Customer clutter 5
7729,5,Customer clutter 5
5676,4,Customer clutter 4
12973,4,Customer clutter 4
1623,1,Customer clutter 1
12978,1,Customer clutter 1
11127,2,Customer clutter 2
1617,1,Customer clutter 1
1626,4,Customer clutter 4
12981,4,Customer clutter 4
10252,4,Customer clutter 4
9030,4,Customer clutter 4
5696,5,Customer clutter 5
4278,1,Customer clutter 1
9016,1,Customer clutter 1
14528,4,Customer clutter 4
11247,1,Customer clutter 1
15076,1,Customer clutter 1
10263,4,Customer clutter 4
7747,3,Customer clutter 3
4279,1,Customer clutter 1
12993,1,Customer clutter 1
4280,4,Customer clutter 4
15667,4,Customer clutter 4
13002,1,Customer clutter 1
11259,1,Customer clutter 1
13006,5,Customer clutter 5
1642,1,Customer clutter 1
9023,1,Customer clutter 1
5703,4,Customer clutter 4
10256,4,Customer clutter 4
1652,1,Customer clutter 1
1654,5,Customer clutter 5
1657,1,Customer clutter 1
10992,4,Customer clutter 4
4285,1,Customer clutter 1
10999,4,Customer clutter 4
10260,4,Customer clutter 4
1663,1,Customer clutter 1
5702,1,Customer clutter 1
15669,4,Customer clutter 4
7758,1,Customer clutter 1
5704,3,Customer clutter 3
9027,5,Customer clutter 5
10261,4,Customer clutter 4
11526,3,Customer clutter 3
4294,4,Customer clutter 4
6668,3,Customer clutter 3
5706,1,Customer clutter 1
10814,3,Customer clutter 3
1669,1,Customer clutter 1
1676,5,Customer clutter 5
1671,4,Customer clutter 4
4290,4,Customer clutter 4
15671,1,Customer clutter 1
7756,1,Customer clutter 1
10283,4,Customer clutter 4
13017,1,Customer clutter 1
5709,1,Customer clutter 1
11650,4,Customer clutter 4
14538,4,Customer clutter 4
14539,4,Customer clutter 4
15091,1,Customer clutter 1
13029,1,Customer clutter 1
4307,3,Customer clutter 3
4300,3,Customer clutter 3
4305,1,Customer clutter 1
1697,5,Customer clutter 5
1696,3,Customer clutter 3
13034,1,Customer clutter 1
13031,1,Customer clutter 1
7782,4,Customer clutter 4
7773,5,Customer clutter 5
5722,4,Customer clutter 4
1704,1,Customer clutter 1
1707,4,Customer clutter 4
4323,3,Customer clutter 3
13038,1,Customer clutter 1
7789,1,Customer clutter 1
10271,4,Customer clutter 4
14543,4,Customer clutter 4
9042,1,Customer clutter 1
13041,4,Customer clutter 4
11103,2,Customer clutter 2
16076,1,Customer clutter 1
11061,5,Customer clutter 5
6674,1,Customer clutter 1
1712,5,Customer clutter 5
14545,1,Customer clutter 1
10275,5,Customer clutter 5
13047,1,Customer clutter 1
13048,1,Customer clutter 1
1716,1,Customer clutter 1
10278,5,Customer clutter 5
1721,5,Customer clutter 5
1722,4,Customer clutter 4
1717,3,Customer clutter 3
7792,1,Customer clutter 1
13056,1,Customer clutter 1
1730,5,Customer clutter 5
13057,4,Customer clutter 4
13060,4,Customer clutter 4
1731,5,Customer clutter 5
15682,1,Customer clutter 1
5731,4,Customer clutter 4
7814,1,Customer clutter 1
16081,1,Customer clutter 1
5730,4,Customer clutter 4
7816,4,Customer clutter 4
7806,4,Customer clutter 4
9054,4,Customer clutter 4
15684,4,Customer clutter 4
1762,1,Customer clutter 1
4339,3,Customer clutter 3
9052,4,Customer clutter 4
1764,1,Customer clutter 1
1759,4,Customer clutter 4
14549,1,Customer clutter 1
1760,4,Customer clutter 4
15685,4,Customer clutter 4
13069,1,Customer clutter 1
4338,1,Customer clutter 1
11651,4,Customer clutter 4
10816,5,Customer clutter 5
10293,4,Customer clutter 4
1774,1,Customer clutter 1
13072,1,Customer clutter 1
11268,4,Customer clutter 4
7825,5,Customer clutter 5
6680,3,Customer clutter 3
4351,1,Customer clutter 1
1770,1,Customer clutter 1
11353,5,Customer clutter 5
7830,1,Customer clutter 1
7823,2,Customer clutter 2
4355,5,Customer clutter 5
11936,1,Customer clutter 1
4354,5,Customer clutter 5
16084,1,Customer clutter 1
4348,5,Customer clutter 5
1780,3,Customer clutter 3
13086,4,Customer clutter 4
13090,5,Customer clutter 5
9057,4,Customer clutter 4
1793,3,Customer clutter 3
10904,5,Customer clutter 5
1799,2,Customer clutter 2
13095,1,Customer clutter 1
1800,4,Customer clutter 4
1805,1,Customer clutter 1
15114,4,Customer clutter 4
10310,4,Customer clutter 4
11087,4,Customer clutter 4
4361,4,Customer clutter 4
16086,1,Customer clutter 1
14554,1,Customer clutter 1
1820,1,Customer clutter 1
11365,4,Customer clutter 4
4368,3,Customer clutter 3
4365,4,Customer clutter 4
13099,1,Customer clutter 1
13101,1,Customer clutter 1
14555,4,Customer clutter 4
5754,1,Customer clutter 1
7840,1,Customer clutter 1
15118,1,Customer clutter 1
1832,4,Customer clutter 4
11937,1,Customer clutter 1
15690,1,Customer clutter 1
13109,5,Customer clutter 5
4378,1,Customer clutter 1
1831,1,Customer clutter 1
7843,5,Customer clutter 5
9078,3,Customer clutter 3
6701,1,Customer clutter 1
2628,4,Customer clutter 4
13111,5,Customer clutter 5
15125,1,Customer clutter 1
13118,4,Customer clutter 4
4376,5,Customer clutter 5
7849,5,Customer clutter 5
10330,5,Customer clutter 5
7855,4,Customer clutter 4
13122,5,Customer clutter 5
4383,4,Customer clutter 4
10318,5,Customer clutter 5
5764,3,Customer clutter 3
11163,3,Customer clutter 3
14556,4,Customer clutter 4
9070,1,Customer clutter 1
5765,1,Customer clutter 1
4391,5,Customer clutter 5
11658,1,Customer clutter 1
1849,1,Customer clutter 1
11315,4,Customer clutter 4
4384,4,Customer clutter 4
9076,3,Customer clutter 3
13131,4,Customer clutter 4
10320,4,Customer clutter 4
14559,1,Customer clutter 1
9647,1,Customer clutter 1
1864,5,Customer clutter 5
11509,1,Customer clutter 1
13138,1,Customer clutter 1
1868,1,Customer clutter 1
1865,1,Customer clutter 1
10329,4,Customer clutter 4
1874,4,Customer clutter 4
13143,1,Customer clutter 1
7874,5,Customer clutter 5
1891,4,Customer clutter 4
13148,4,Customer clutter 4
13147,1,Customer clutter 1
15135,4,Customer clutter 4
5785,1,Customer clutter 1
1886,4,Customer clutter 4
6745,1,Customer clutter 1
1893,5,Customer clutter 5
10328,4,Customer clutter 4
7884,1,Customer clutter 1
1894,1,Customer clutter 1
4407,1,Customer clutter 1
13161,1,Customer clutter 1
10341,1,Customer clutter 1
6695,4,Customer clutter 4
10342,3,Customer clutter 3
7881,4,Customer clutter 4
9066,1,Customer clutter 1
14566,5,Customer clutter 5
9067,1,Customer clutter 1
10346,1,Customer clutter 1
4411,4,Customer clutter 4
1911,5,Customer clutter 5
1903,5,Customer clutter 5
13165,4,Customer clutter 4
1901,4,Customer clutter 4
13166,5,Customer clutter 5
1905,1,Customer clutter 1
1904,1,Customer clutter 1
10352,5,Customer clutter 5
1910,1,Customer clutter 1
7897,1,Customer clutter 1
1923,3,Customer clutter 3
13169,1,Customer clutter 1
1922,4,Customer clutter 4
1925,1,Customer clutter 1
1926,4,Customer clutter 4
1918,1,Customer clutter 1
4416,4,Customer clutter 4
10355,4,Customer clutter 4
1932,1,Customer clutter 1
1937,5,Customer clutter 5
13181,1,Customer clutter 1
4421,4,Customer clutter 4
14568,5,Customer clutter 5
1938,4,Customer clutter 4
13182,1,Customer clutter 1
9089,4,Customer clutter 4
10357,2,Customer clutter 2
11943,1,Customer clutter 1
7903,5,Customer clutter 5
13188,5,Customer clutter 5
10360,1,Customer clutter 1
5799,1,Customer clutter 1
6748,1,Customer clutter 1
5806,4,Customer clutter 4
15142,1,Customer clutter 1
5802,1,Customer clutter 1
1944,4,Customer clutter 4
1939,4,Customer clutter 4
4434,3,Customer clutter 3
4423,4,Customer clutter 4
1943,5,Customer clutter 5
13189,5,Customer clutter 5
15144,4,Customer clutter 4
10363,4,Customer clutter 4
14573,5,Customer clutter 5
15145,1,Customer clutter 1
16100,1,Customer clutter 1
4437,1,Customer clutter 1
14575,1,Customer clutter 1
7910,1,Customer clutter 1
15702,1,Customer clutter 1
9097,5,Customer clutter 5
16102,5,Customer clutter 5
7914,4,Customer clutter 4
15150,3,Customer clutter 3
13201,1,Customer clutter 1
2792,1,Customer clutter 1
4440,4,Customer clutter 4
1969,1,Customer clutter 1
14577,4,Customer clutter 4
13210,5,Customer clutter 5
1978,1,Customer clutter 1
13206,4,Customer clutter 4
1979,1,Customer clutter 1
10365,5,Customer clutter 5
9655,4,Customer clutter 4
9083,4,Customer clutter 4
13211,5,Customer clutter 5
10375,1,Customer clutter 1
13205,4,Customer clutter 4
7905,1,Customer clutter 1
4454,3,Customer clutter 3
9093,1,Customer clutter 1
9090,1,Customer clutter 1
1988,1,Customer clutter 1
4455,3,Customer clutter 3
13218,5,Customer clutter 5
1989,5,Customer clutter 5
11291,4,Customer clutter 4
5817,4,Customer clutter 4
10367,4,Customer clutter 4
6709,1,Customer clutter 1
1999,5,Customer clutter 5
13227,5,Customer clutter 5
16106,1,Customer clutter 1
4459,3,Customer clutter 3
4451,1,Customer clutter 1
9118,5,Customer clutter 5
4453,4,Customer clutter 4
4460,1,Customer clutter 1
2014,1,Customer clutter 1
2011,4,Customer clutter 4
14586,1,Customer clutter 1
13238,5,Customer clutter 5
9105,5,Customer clutter 5
5831,4,Customer clutter 4
10382,1,Customer clutter 1
2019,1,Customer clutter 1
5832,1,Customer clutter 1
9656,4,Customer clutter 4
15160,1,Customer clutter 1
2024,4,Customer clutter 4
2029,1,Customer clutter 1
15709,1,Customer clutter 1
13250,1,Customer clutter 1
15167,1,Customer clutter 1
13253,5,Customer clutter 5
13254,1,Customer clutter 1
10386,4,Customer clutter 4
7944,4,Customer clutter 4
9112,5,Customer clutter 5
10802,4,Customer clutter 4
9098,4,Customer clutter 4
6712,4,Customer clutter 4
2056,1,Customer clutter 1
2049,1,Customer clutter 1
14595,1,Customer clutter 1
7955,4,Customer clutter 4
9110,1,Customer clutter 1
10401,1,Customer clutter 1
13266,5,Customer clutter 5
9137,1,Customer clutter 1
2067,2,Customer clutter 2
10390,4,Customer clutter 4
4484,1,Customer clutter 1
14597,1,Customer clutter 1
13270,1,Customer clutter 1
11830,1,Customer clutter 1
16117,3,Customer clutter 3
15717,4,Customer clutter 4
2063,2,Customer clutter 2
2066,4,Customer clutter 4
9126,4,Customer clutter 4
6716,4,Customer clutter 4
9122,1,Customer clutter 1
13274,1,Customer clutter 1
13268,5,Customer clutter 5
9127,5,Customer clutter 5
10392,1,Customer clutter 1
9667,1,Customer clutter 1
7957,5,Customer clutter 5
9128,1,Customer clutter 1
13281,5,Customer clutter 5
13275,1,Customer clutter 1
13277,5,Customer clutter 5
15177,1,Customer clutter 1
4481,1,Customer clutter 1
9123,1,Customer clutter 1
10396,4,Customer clutter 4
11466,3,Customer clutter 3
10847,4,Customer clutter 4
2083,4,Customer clutter 4
4497,4,Customer clutter 4
4496,5,Customer clutter 5
5852,3,Customer clutter 3
11951,1,Customer clutter 1
7964,1,Customer clutter 1
11679,4,Customer clutter 4
9139,1,Customer clutter 1
7977,4,Customer clutter 4
5858,1,Customer clutter 1
5864,4,Customer clutter 4
4499,3,Customer clutter 3
13301,5,Customer clutter 5
15723,1,Customer clutter 1
4503,5,Customer clutter 5
4500,5,Customer clutter 5
2110,1,Customer clutter 1
3046,1,Customer clutter 1
2111,2,Customer clutter 2
2117,4,Customer clutter 4
9125,4,Customer clutter 4
7973,1,Customer clutter 1
2131,3,Customer clutter 3
10408,1,Customer clutter 1
2132,3,Customer clutter 3
2125,1,Customer clutter 1
10410,3,Customer clutter 3
5860,4,Customer clutter 4
11151,4,Customer clutter 4
16125,1,Customer clutter 1
4513,3,Customer clutter 3
11197,2,Customer clutter 2
5868,1,Customer clutter 1
2139,1,Customer clutter 1
2138,1,Customer clutter 1
15728,1,Customer clutter 1
2141,5,Customer clutter 5
2146,4,Customer clutter 4
13307,1,Customer clutter 1
7969,1,Customer clutter 1
11596,5,Customer clutter 5
6738,4,Customer clutter 4
2140,1,Customer clutter 1
2162,1,Customer clutter 1
5878,4,Customer clutter 4
7991,1,Customer clutter 1
11500,4,Customer clutter 4
7996,4,Customer clutter 4
13316,1,Customer clutter 1
2154,5,Customer clutter 5
6731,1,Customer clutter 1
2174,1,Customer clutter 1
10419,1,Customer clutter 1
14610,1,Customer clutter 1
10421,3,Customer clutter 3
4518,4,Customer clutter 4
10426,5,Customer clutter 5
15191,1,Customer clutter 1
2177,1,Customer clutter 1
13323,5,Customer clutter 5
6750,1,Customer clutter 1
9157,1,Customer clutter 1
6744,2,Customer clutter 2
10425,1,Customer clutter 1
6751,4,Customer clutter 4
11461,4,Customer clutter 4
10427,5,Customer clutter 5
6752,1,Customer clutter 1
14612,4,Customer clutter 4
2182,1,Customer clutter 1
13334,3,Customer clutter 3
8011,2,Customer clutter 2
5888,1,Customer clutter 1
2192,4,Customer clutter 4
2198,5,Customer clutter 5
13340,5,Customer clutter 5
13339,5,Customer clutter 5
5901,1,Customer clutter 1
2214,5,Customer clutter 5
2207,2,Customer clutter 2
2209,5,Customer clutter 5
15196,1,Customer clutter 1
15197,1,Customer clutter 1
2216,1,Customer clutter 1
10827,4,Customer clutter 4
14613,1,Customer clutter 1
10447,4,Customer clutter 4
11143,4,Customer clutter 4
10431,1,Customer clutter 1
5903,4,Customer clutter 4
5908,4,Customer clutter 4
10433,5,Customer clutter 5
2225,2,Customer clutter 2
2226,4,Customer clutter 4
9154,4,Customer clutter 4
10918,5,Customer clutter 5
11454,2,Customer clutter 2
2232,4,Customer clutter 4
9158,3,Customer clutter 3
9146,1,Customer clutter 1
2239,1,Customer clutter 1
15203,4,Customer clutter 4
2233,4,Customer clutter 4
6760,2,Customer clutter 2
6759,3,Customer clutter 3
4549,3,Customer clutter 3
8022,1,Customer clutter 1
2243,2,Customer clutter 2
2242,1,Customer clutter 1
14620,4,Customer clutter 4
4547,1,Customer clutter 1
11835,1,Customer clutter 1
4552,4,Customer clutter 4
11834,1,Customer clutter 1
4559,4,Customer clutter 4
6762,4,Customer clutter 4
16140,1,Customer clutter 1
10438,1,Customer clutter 1
2263,4,Customer clutter 4
14621,4,Customer clutter 4
2256,1,Customer clutter 1
13366,5,Customer clutter 5
2260,2,Customer clutter 2
13370,1,Customer clutter 1
5920,4,Customer clutter 4
13368,1,Customer clutter 1
13367,1,Customer clutter 1
5927,1,Customer clutter 1
13378,1,Customer clutter 1
2277,4,Customer clutter 4
4570,4,Customer clutter 4
2275,4,Customer clutter 4
13374,1,Customer clutter 1
13376,1,Customer clutter 1
13380,1,Customer clutter 1
6764,1,Customer clutter 1
2282,5,Customer clutter 5
2279,1,Customer clutter 1
9164,4,Customer clutter 4
10443,4,Customer clutter 4
5936,1,Customer clutter 1
16144,1,Customer clutter 1
10450,1,Customer clutter 1
10451,3,Customer clutter 3
15215,1,Customer clutter 1
2290,5,Customer clutter 5
2291,5,Customer clutter 5
11401,3,Customer clutter 3
4581,4,Customer clutter 4
13391,5,Customer clutter 5
4572,5,Customer clutter 5
13394,1,Customer clutter 1
8061,5,Customer clutter 5
8062,5,Customer clutter 5
13397,5,Customer clutter 5
10979,4,Customer clutter 4
9675,4,Customer clutter 4
13405,1,Customer clutter 1
10950,5,Customer clutter 5
2312,5,Customer clutter 5
4586,4,Customer clutter 4
15217,4,Customer clutter 4
5944,4,Customer clutter 4
2313,1,Customer clutter 1
8069,1,Customer clutter 1
15738,4,Customer clutter 4
13409,2,Customer clutter 2
5943,1,Customer clutter 1
8071,4,Customer clutter 4
8066,4,Customer clutter 4
8065,5,Customer clutter 5
15221,5,Customer clutter 5
5942,5,Customer clutter 5
13412,4,Customer clutter 4
11511,2,Customer clutter 2
5948,4,Customer clutter 4
13420,5,Customer clutter 5
2322,4,Customer clutter 4
4587,2,Customer clutter 2
13419,1,Customer clutter 1
11585,3,Customer clutter 3
15743,1,Customer clutter 1
2327,1,Customer clutter 1
13427,1,Customer clutter 1
5949,1,Customer clutter 1
4593,5,Customer clutter 5
14635,5,Customer clutter 5
2326,3,Customer clutter 3
13429,1,Customer clutter 1
14633,1,Customer clutter 1
5951,1,Customer clutter 1
15227,1,Customer clutter 1
13431,4,Customer clutter 4
13432,1,Customer clutter 1
4597,5,Customer clutter 5
11769,1,Customer clutter 1
5956,5,Customer clutter 5
9679,4,Customer clutter 4
13441,4,Customer clutter 4
2352,1,Customer clutter 1
8087,5,Customer clutter 5
5950,5,Customer clutter 5
16154,1,Customer clutter 1
11770,1,Customer clutter 1
10885,1,Customer clutter 1
11954,1,Customer clutter 1
5965,5,Customer clutter 5
15234,1,Customer clutter 1
13449,1,Customer clutter 1
13454,5,Customer clutter 5
2359,4,Customer clutter 4
2366,2,Customer clutter 2
13456,5,Customer clutter 5
8092,4,Customer clutter 4
4603,4,Customer clutter 4
4600,4,Customer clutter 4
8099,1,Customer clutter 1
2370,1,Customer clutter 1
2379,1,Customer clutter 1
13470,1,Customer clutter 1
13468,1,Customer clutter 1
11728,5,Customer clutter 5
2376,1,Customer clutter 1
10476,3,Customer clutter 3
13476,1,Customer clutter 1
11771,4,Customer clutter 4
11669,3,Customer clutter 3
11339,3,Customer clutter 3
15239,1,Customer clutter 1
2388,4,Customer clutter 4
10481,4,Customer clutter 4
9190,1,Customer clutter 1
10807,3,Customer clutter 3
15240,1,Customer clutter 1
10483,5,Customer clutter 5
4608,3,Customer clutter 3
15245,1,Customer clutter 1
2392,1,Customer clutter 1
8108,4,Customer clutter 4
8116,5,Customer clutter 5
9191,1,Customer clutter 1
15753,4,Customer clutter 4
8118,5,Customer clutter 5
4622,4,Customer clutter 4
11614,5,Customer clutter 5
2414,1,Customer clutter 1
2417,5,Customer clutter 5
10495,1,Customer clutter 1
15249,3,Customer clutter 3
13504,4,Customer clutter 4
6778,5,Customer clutter 5
8119,1,Customer clutter 1
9682,4,Customer clutter 4
13502,5,Customer clutter 5
13508,5,Customer clutter 5
11613,3,Customer clutter 3
8115,1,Customer clutter 1
4620,4,Customer clutter 4
6781,4,Customer clutter 4
2427,2,Customer clutter 2
11068,4,Customer clutter 4
16163,1,Customer clutter 1
11956,1,Customer clutter 1
13517,1,Customer clutter 1
16165,4,Customer clutter 4
8142,3,Customer clutter 3
2431,2,Customer clutter 2
9209,5,Customer clutter 5
2442,4,Customer clutter 4
5984,5,Customer clutter 5
11957,1,Customer clutter 1
3472,1,Customer clutter 1
2445,1,Customer clutter 1
5985,4,Customer clutter 4
2438,1,Customer clutter 1
16167,1,Customer clutter 1
10505,1,Customer clutter 1
9206,1,Customer clutter 1
8137,1,Customer clutter 1
2450,4,Customer clutter 4
2452,4,Customer clutter 4
9225,4,Customer clutter 4
2451,1,Customer clutter 1
10512,4,Customer clutter 4
4637,5,Customer clutter 5
13535,1,Customer clutter 1
2473,5,Customer clutter 5
13531,1,Customer clutter 1
2470,1,Customer clutter 1
2469,3,Customer clutter 3
2466,5,Customer clutter 5
16172,1,Customer clutter 1
13537,1,Customer clutter 1
5986,3,Customer clutter 3
10509,5,Customer clutter 5
11610,1,Customer clutter 1
5989,1,Customer clutter 1
9207,4,Customer clutter 4
9219,2,Customer clutter 2
13536,1,Customer clutter 1
2476,4,Customer clutter 4
8145,4,Customer clutter 4
4639,1,Customer clutter 1
16173,1,Customer clutter 1
4636,1,Customer clutter 1
8154,5,Customer clutter 5
10510,5,Customer clutter 5
11078,5,Customer clutter 5
10514,4,Customer clutter 4
2501,1,Customer clutter 1
9221,4,Customer clutter 4
6002,4,Customer clutter 4
13545,1,Customer clutter 1
6787,5,Customer clutter 5
6000,1,Customer clutter 1
2498,1,Customer clutter 1
13550,1,Customer clutter 1
9208,4,Customer clutter 4
2499,5,Customer clutter 5
2503,4,Customer clutter 4
13551,1,Customer clutter 1
2500,2,Customer clutter 2
5994,4,Customer clutter 4
2511,5,Customer clutter 5
15259,1,Customer clutter 1
10518,4,Customer clutter 4
4648,4,Customer clutter 4
6001,4,Customer clutter 4
8152,3,Customer clutter 3
5995,4,Customer clutter 4
13564,1,Customer clutter 1
2514,1,Customer clutter 1
14656,1,Customer clutter 1
8165,1,Customer clutter 1
2519,1,Customer clutter 1
15263,1,Customer clutter 1
2522,1,Customer clutter 1
15262,1,Customer clutter 1
10519,1,Customer clutter 1
2532,5,Customer clutter 5
6795,4,Customer clutter 4
11960,1,Customer clutter 1
6797,3,Customer clutter 3
13572,3,Customer clutter 3
6791,1,Customer clutter 1
15268,1,Customer clutter 1
6012,1,Customer clutter 1
15265,1,Customer clutter 1
11174,5,Customer clutter 5
11710,1,Customer clutter 1
2539,1,Customer clutter 1
15270,5,Customer clutter 5
15763,1,Customer clutter 1
13580,4,Customer clutter 4
10914,5,Customer clutter 5
16184,1,Customer clutter 1
11280,3,Customer clutter 3
4664,4,Customer clutter 4
11675,2,Customer clutter 2
4670,4,Customer clutter 4
13588,1,Customer clutter 1
15274,4,Customer clutter 4
9232,4,Customer clutter 4
2559,4,Customer clutter 4
4667,4,Customer clutter 4
4669,5,Customer clutter 5
6021,4,Customer clutter 4
6024,1,Customer clutter 1
2566,1,Customer clutter 1
6798,1,Customer clutter 1
2568,4,Customer clutter 4
2573,4,Customer clutter 4
11334,5,Customer clutter 5
10891,1,Customer clutter 1
15768,1,Customer clutter 1
2575,4,Customer clutter 4
4675,3,Customer clutter 3
6802,4,Customer clutter 4
8179,3,Customer clutter 3
2581,1,Customer clutter 1
6028,1,Customer clutter 1
2588,4,Customer clutter 4
15276,1,Customer clutter 1
10528,3,Customer clutter 3
8171,1,Customer clutter 1
8178,4,Customer clutter 4
9260,3,Customer clutter 3
16193,4,Customer clutter 4
2590,1,Customer clutter 1
6806,5,Customer clutter 5
4683,1,Customer clutter 1
9261,4,Customer clutter 4
10543,4,Customer clutter 4
13600,1,Customer clutter 1
13601,4,Customer clutter 4
6032,5,Customer clutter 5
4696,4,Customer clutter 4
15280,1,Customer clutter 1
2604,5,Customer clutter 5
15772,1,Customer clutter 1
15284,5,Customer clutter 5
2603,4,Customer clutter 4
2606,4,Customer clutter 4
8181,1,Customer clutter 1
13606,1,Customer clutter 1
9256,4,Customer clutter 4
15282,1,Customer clutter 1
13605,1,Customer clutter 1
2600,1,Customer clutter 1
10544,5,Customer clutter 5
4694,1,Customer clutter 1
13607,1,Customer clutter 1
4691,4,Customer clutter 4
16195,4,Customer clutter 4
2623,4,Customer clutter 4
6040,1,Customer clutter 1
15773,1,Customer clutter 1
2614,3,Customer clutter 3
2622,1,Customer clutter 1
6805,1,Customer clutter 1
10537,3,Customer clutter 3
14663,1,Customer clutter 1
16196,1,Customer clutter 1
10538,1,Customer clutter 1
15774,1,Customer clutter 1
6042,1,Customer clutter 1
9258,1,Customer clutter 1
9264,2,Customer clutter 2
6043,1,Customer clutter 1
11211,4,Customer clutter 4
6804,1,Customer clutter 1
13618,5,Customer clutter 5
8198,1,Customer clutter 1
4703,1,Customer clutter 1
2645,5,Customer clutter 5
10540,1,Customer clutter 1
11563,4,Customer clutter 4
15778,1,Customer clutter 1
11379,4,Customer clutter 4
11967,1,Customer clutter 1
9270,1,Customer clutter 1
2642,4,Customer clutter 4
14666,5,Customer clutter 5
9271,1,Customer clutter 1
10549,4,Customer clutter 4
2643,1,Customer clutter 1
2638,1,Customer clutter 1
10551,1,Customer clutter 1
4711,4,Customer clutter 4
2636,5,Customer clutter 5
14668,1,Customer clutter 1
6811,1,Customer clutter 1
13634,4,Customer clutter 4
6056,4,Customer clutter 4
14670,1,Customer clutter 1
2660,3,Customer clutter 3
4709,1,Customer clutter 1
2649,4,Customer clutter 4
14671,5,Customer clutter 5
2653,4,Customer clutter 4
13639,3,Customer clutter 3
11777,1,Customer clutter 1
11476,3,Customer clutter 3
4715,1,Customer clutter 1
2662,4,Customer clutter 4
2657,1,Customer clutter 1
15294,1,Customer clutter 1
2669,1,Customer clutter 1
2671,2,Customer clutter 2
13637,1,Customer clutter 1
2667,5,Customer clutter 5
2664,1,Customer clutter 1
6809,1,Customer clutter 1
11343,1,Customer clutter 1
2678,3,Customer clutter 3
4725,4,Customer clutter 4
10554,5,Customer clutter 5
10570,3,Customer clutter 3
6067,1,Customer clutter 1
2692,3,Customer clutter 3
13655,5,Customer clutter 5
11640,4,Customer clutter 4
2695,5,Customer clutter 5
4730,1,Customer clutter 1
4724,1,Customer clutter 1
11971,1,Customer clutter 1
8207,4,Customer clutter 4
6063,4,Customer clutter 4
2684,4,Customer clutter 4
16203,4,Customer clutter 4
4726,4,Customer clutter 4
10557,1,Customer clutter 1
13659,1,Customer clutter 1
15302,3,Customer clutter 3
2705,3,Customer clutter 3
6069,1,Customer clutter 1
6059,5,Customer clutter 5
10558,3,Customer clutter 3
4745,1,Customer clutter 1
9266,1,Customer clutter 1
16205,1,Customer clutter 1
14674,1,Customer clutter 1
11609,4,Customer clutter 4
8217,1,Customer clutter 1
10564,1,Customer clutter 1
11285,3,Customer clutter 3
2716,4,Customer clutter 4
9269,3,Customer clutter 3
13667,1,Customer clutter 1
6070,4,Customer clutter 4
4740,3,Customer clutter 3
4754,4,Customer clutter 4
6081,5,Customer clutter 5
15308,1,Customer clutter 1
6072,1,Customer clutter 1
15310,1,Customer clutter 1
10572,1,Customer clutter 1
6083,4,Customer clutter 4
15311,1,Customer clutter 1
13684,4,Customer clutter 4
15788,4,Customer clutter 4
13682,5,Customer clutter 5
6074,1,Customer clutter 1
8220,1,Customer clutter 1
6079,4,Customer clutter 4
2737,1,Customer clutter 1
6073,1,Customer clutter 1
6080,4,Customer clutter 4
4769,4,Customer clutter 4
2744,5,Customer clutter 5
15316,4,Customer clutter 4
13694,1,Customer clutter 1
13699,5,Customer clutter 5
6086,4,Customer clutter 4
2760,1,Customer clutter 1
2764,5,Customer clutter 5
8226,4,Customer clutter 4
13698,1,Customer clutter 1
2758,5,Customer clutter 5
2754,4,Customer clutter 4
4770,4,Customer clutter 4
13695,5,Customer clutter 5
13696,1,Customer clutter 1
13700,4,Customer clutter 4
2761,1,Customer clutter 1
9706,4,Customer clutter 4
6089,4,Customer clutter 4
2772,4,Customer clutter 4
14678,1,Customer clutter 1
8245,1,Customer clutter 1
9699,3,Customer clutter 3
4776,4,Customer clutter 4
14680,1,Customer clutter 1
8248,4,Customer clutter 4
15793,1,Customer clutter 1
6097,2,Customer clutter 2
13710,1,Customer clutter 1
10591,4,Customer clutter 4
13713,1,Customer clutter 1
2777,4,Customer clutter 4
2780,1,Customer clutter 1
2782,1,Customer clutter 1
6832,1,Customer clutter 1
8251,1,Customer clutter 1
8247,5,Customer clutter 5
2784,1,Customer clutter 1
6834,1,Customer clutter 1
9285,3,Customer clutter 3
2795,1,Customer clutter 1
2802,4,Customer clutter 4
11195,4,Customer clutter 4
13723,4,Customer clutter 4
13718,1,Customer clutter 1
2798,4,Customer clutter 4
13727,5,Customer clutter 5
4781,1,Customer clutter 1
2807,1,Customer clutter 1
9295,4,Customer clutter 4
13730,1,Customer clutter 1
13726,1,Customer clutter 1
16220,1,Customer clutter 1
9703,4,Customer clutter 4
2820,1,Customer clutter 1
4790,5,Customer clutter 5
11974,1,Customer clutter 1
13736,1,Customer clutter 1
13737,1,Customer clutter 1
8255,5,Customer clutter 5
13739,5,Customer clutter 5
2832,4,Customer clutter 4
2833,1,Customer clutter 1
4794,1,Customer clutter 1
8257,1,Customer clutter 1
15328,1,Customer clutter 1
2834,2,Customer clutter 2
10587,5,Customer clutter 5
2837,4,Customer clutter 4
6114,4,Customer clutter 4
10590,4,Customer clutter 4
6120,4,Customer clutter 4
11682,5,Customer clutter 5
6847,4,Customer clutter 4
10594,4,Customer clutter 4
13745,4,Customer clutter 4
6115,1,Customer clutter 1
4806,1,Customer clutter 1
6117,1,Customer clutter 1
8266,1,Customer clutter 1
2842,1,Customer clutter 1
4805,4,Customer clutter 4
2848,5,Customer clutter 5
2852,4,Customer clutter 4
2856,1,Customer clutter 1
4801,1,Customer clutter 1
4807,4,Customer clutter 4
8275,1,Customer clutter 1
8284,3,Customer clutter 3
6126,4,Customer clutter 4
2861,1,Customer clutter 1
4804,4,Customer clutter 4
9718,1,Customer clutter 1
8270,1,Customer clutter 1
2870,1,Customer clutter 1
13757,5,Customer clutter 5
6848,3,Customer clutter 3
4810,4,Customer clutter 4
11387,4,Customer clutter 4
2865,1,Customer clutter 1
2862,1,Customer clutter 1
4812,1,Customer clutter 1
9297,5,Customer clutter 5
9293,1,Customer clutter 1
2874,3,Customer clutter 3
10599,5,Customer clutter 5
2880,1,Customer clutter 1
2888,4,Customer clutter 4
2882,1,Customer clutter 1
8294,5,Customer clutter 5
15801,4,Customer clutter 4
15335,1,Customer clutter 1
13776,4,Customer clutter 4
2883,4,Customer clutter 4
2897,4,Customer clutter 4
2898,1,Customer clutter 1
13775,1,Customer clutter 1
16227,1,Customer clutter 1
8074,1,Customer clutter 1
6124,5,Customer clutter 5
2899,1,Customer clutter 1
8287,4,Customer clutter 4
2892,4,Customer clutter 4
10605,4,Customer clutter 4
2901,1,Customer clutter 1
9320,3,Customer clutter 3
4833,1,Customer clutter 1
2903,1,Customer clutter 1
13793,2,Customer clutter 2
2905,1,Customer clutter 1
10931,4,Customer clutter 4
2906,4,Customer clutter 4
2916,4,Customer clutter 4
2923,1,Customer clutter 1
2917,1,Customer clutter 1
8307,5,Customer clutter 5
6144,1,Customer clutter 1
15339,1,Customer clutter 1
11156,1,Customer clutter 1
2922,1,Customer clutter 1
13801,4,Customer clutter 4
13804,5,Customer clutter 5
6856,1,Customer clutter 1
11026,3,Customer clutter 3
10628,4,Customer clutter 4
2920,5,Customer clutter 5
2921,1,Customer clutter 1
8299,5,Customer clutter 5
13806,4,Customer clutter 4
2937,1,Customer clutter 1
13807,1,Customer clutter 1
11059,1,Customer clutter 1
2928,2,Customer clutter 2
6153,5,Customer clutter 5
16229,1,Customer clutter 1
10619,1,Customer clutter 1
8305,1,Customer clutter 1
9715,1,Customer clutter 1
4836,5,Customer clutter 5
11284,4,Customer clutter 4
9333,4,Customer clutter 4
4848,1,Customer clutter 1
15344,1,Customer clutter 1
13826,1,Customer clutter 1
6162,5,Customer clutter 5
2982,5,Customer clutter 5
2977,4,Customer clutter 4
2981,5,Customer clutter 5
10613,1,Customer clutter 1
9328,3,Customer clutter 3
9727,1,Customer clutter 1
8325,5,Customer clutter 5
9326,1,Customer clutter 1
14695,1,Customer clutter 1
6159,1,Customer clutter 1
6160,1,Customer clutter 1
8322,1,Customer clutter 1
9339,3,Customer clutter 3
2989,5,Customer clutter 5
2986,4,Customer clutter 4
2988,4,Customer clutter 4
9342,3,Customer clutter 3
15813,4,Customer clutter 4
4857,4,Customer clutter 4
10965,3,Customer clutter 3
8333,4,Customer clutter 4
16231,1,Customer clutter 1
8335,1,Customer clutter 1
2994,1,Customer clutter 1
11330,1,Customer clutter 1
8336,4,Customer clutter 4
13849,5,Customer clutter 5
4861,1,Customer clutter 1
13850,1,Customer clutter 1
10635,1,Customer clutter 1
11106,3,Customer clutter 3
8326,5,Customer clutter 5
15347,1,Customer clutter 1
8338,5,Customer clutter 5
4865,1,Customer clutter 1
6871,1,Customer clutter 1
8331,3,Customer clutter 3
14700,1,Customer clutter 1
13852,5,Customer clutter 5
3003,4,Customer clutter 4
3004,5,Customer clutter 5
6170,1,Customer clutter 1
3008,4,Customer clutter 4
15815,4,Customer clutter 4
10643,5,Customer clutter 5
8341,1,Customer clutter 1
4869,5,Customer clutter 5
15354,4,Customer clutter 4
6177,4,Customer clutter 4
9349,3,Customer clutter 3
16234,1,Customer clutter 1
4873,5,Customer clutter 5
6180,1,Customer clutter 1
4875,4,Customer clutter 4
3028,1,Customer clutter 1
4876,4,Customer clutter 4
3023,5,Customer clutter 5
11394,5,Customer clutter 5
13874,1,Customer clutter 1
4880,4,Customer clutter 4
13868,5,Customer clutter 5
3027,1,Customer clutter 1
10657,4,Customer clutter 4
4882,4,Customer clutter 4
3038,4,Customer clutter 4
13879,4,Customer clutter 4
6189,3,Customer clutter 3
15821,1,Customer clutter 1
6875,5,Customer clutter 5
8360,5,Customer clutter 5
10985,1,Customer clutter 1
13888,5,Customer clutter 5
13889,1,Customer clutter 1
9728,3,Customer clutter 3
9369,3,Customer clutter 3
8371,3,Customer clutter 3
4900,5,Customer clutter 5
10660,1,Customer clutter 1
13895,1,Customer clutter 1
3050,5,Customer clutter 5
14706,1,Customer clutter 1
10662,4,Customer clutter 4
3065,1,Customer clutter 1
6197,4,Customer clutter 4
3066,4,Customer clutter 4
4897,4,Customer clutter 4
3054,1,Customer clutter 1
13900,4,Customer clutter 4
3064,1,Customer clutter 1
13903,1,Customer clutter 1
13908,5,Customer clutter 5
8377,1,Customer clutter 1
11843,1,Customer clutter 1
8373,1,Customer clutter 1
4895,5,Customer clutter 5
13906,1,Customer clutter 1
11233,3,Customer clutter 3
9729,3,Customer clutter 3
11090,4,Customer clutter 4
3076,5,Customer clutter 5
13913,3,Customer clutter 3
3087,5,Customer clutter 5
10669,5,Customer clutter 5
4905,4,Customer clutter 4
3092,2,Customer clutter 2
9362,1,Customer clutter 1
9730,1,Customer clutter 1
15827,1,Customer clutter 1
11981,1,Customer clutter 1
13925,5,Customer clutter 5
3096,5,Customer clutter 5
10673,4,Customer clutter 4
13921,5,Customer clutter 5
9383,3,Customer clutter 3
9382,3,Customer clutter 3
8387,4,Customer clutter 4
8388,1,Customer clutter 1
13928,1,Customer clutter 1
14711,5,Customer clutter 5
3117,1,Customer clutter 1
9380,4,Customer clutter 4
11844,1,Customer clutter 1
11008,4,Customer clutter 4
13936,1,Customer clutter 1
14713,5,Customer clutter 5
13932,4,Customer clutter 4
8380,5,Customer clutter 5
6229,5,Customer clutter 5
8391,5,Customer clutter 5
8392,4,Customer clutter 4
15365,1,Customer clutter 1
15831,1,Customer clutter 1
6220,4,Customer clutter 4
3122,4,Customer clutter 4
8381,4,Customer clutter 4
13935,1,Customer clutter 1
11845,1,Customer clutter 1
11846,1,Customer clutter 1
9378,4,Customer clutter 4
8407,4,Customer clutter 4
4917,4,Customer clutter 4
8410,1,Customer clutter 1
14716,1,Customer clutter 1
13939,1,Customer clutter 1
6237,1,Customer clutter 1
10683,5,Customer clutter 5
6240,1,Customer clutter 1
3126,4,Customer clutter 4
3128,4,Customer clutter 4
6239,4,Customer clutter 4
3127,1,Customer clutter 1
15371,1,Customer clutter 1
10703,1,Customer clutter 1
10856,1,Customer clutter 1
13946,4,Customer clutter 4
4919,4,Customer clutter 4
4922,1,Customer clutter 1
4924,4,Customer clutter 4
16254,1,Customer clutter 1
10689,4,Customer clutter 4
9735,4,Customer clutter 4
14719,4,Customer clutter 4
3139,5,Customer clutter 5
11784,1,Customer clutter 1
6235,1,Customer clutter 1
15373,1,Customer clutter 1
10693,4,Customer clutter 4
3144,5,Customer clutter 5
3145,1,Customer clutter 1
3155,1,Customer clutter 1
6246,4,Customer clutter 4
13962,4,Customer clutter 4
3152,5,Customer clutter 5
13969,5,Customer clutter 5
8417,3,Customer clutter 3
8427,4,Customer clutter 4
6250,1,Customer clutter 1
6252,5,Customer clutter 5
9748,5,Customer clutter 5
6254,4,Customer clutter 4
6248,3,Customer clutter 3
13972,1,Customer clutter 1
3148,1,Customer clutter 1
13967,1,Customer clutter 1
8428,4,Customer clutter 4
10697,5,Customer clutter 5
6245,1,Customer clutter 1
4934,1,Customer clutter 1
6258,1,Customer clutter 1
3158,4,Customer clutter 4
3170,1,Customer clutter 1
9751,5,Customer clutter 5
3168,1,Customer clutter 1
3172,5,Customer clutter 5
13975,1,Customer clutter 1
3165,4,Customer clutter 4
10700,5,Customer clutter 5
6251,1,Customer clutter 1
3167,5,Customer clutter 5
10701,2,Customer clutter 2
4941,4,Customer clutter 4
13985,1,Customer clutter 1
4942,4,Customer clutter 4
3177,1,Customer clutter 1
13981,4,Customer clutter 4
3176,1,Customer clutter 1
6889,4,Customer clutter 4
3182,1,Customer clutter 1
3181,1,Customer clutter 1
13995,1,Customer clutter 1
10706,3,Customer clutter 3
15838,1,Customer clutter 1
10707,4,Customer clutter 4
3193,1,Customer clutter 1
14000,1,Customer clutter 1
11510,2,Customer clutter 2
9400,1,Customer clutter 1
10710,1,Customer clutter 1
8434,3,Customer clutter 3
14723,1,Customer clutter 1
8442,4,Customer clutter 4
15839,1,Customer clutter 1
6270,3,Customer clutter 3
4949,1,Customer clutter 1
3202,4,Customer clutter 4
6267,1,Customer clutter 1
11355,4,Customer clutter 4
3203,2,Customer clutter 2
3200,1,Customer clutter 1
9398,4,Customer clutter 4
3196,4,Customer clutter 4
10963,1,Customer clutter 1
14014,2,Customer clutter 2
14011,1,Customer clutter 1
3218,5,Customer clutter 5
3213,5,Customer clutter 5
6894,1,Customer clutter 1
8429,1,Customer clutter 1
3214,4,Customer clutter 4
10714,4,Customer clutter 4
3210,4,Customer clutter 4
9392,1,Customer clutter 1
11071,3,Customer clutter 3
14021,1,Customer clutter 1
14727,1,Customer clutter 1
14027,5,Customer clutter 5
3230,3,Customer clutter 3
4970,1,Customer clutter 1
8450,1,Customer clutter 1
11990,1,Customer clutter 1
9740,1,Customer clutter 1
9397,2,Customer clutter 2
9750,4,Customer clutter 4
11988,1,Customer clutter 1
6899,4,Customer clutter 4
8456,1,Customer clutter 1
14037,5,Customer clutter 5
10725,4,Customer clutter 4
14728,1,Customer clutter 1
9406,4,Customer clutter 4
15391,4,Customer clutter 4
3243,2,Customer clutter 2
15843,1,Customer clutter 1
10728,4,Customer clutter 4
8455,1,Customer clutter 1
11108,4,Customer clutter 4
6299,3,Customer clutter 3
11229,4,Customer clutter 4
6294,1,Customer clutter 1
15394,1,Customer clutter 1
10732,5,Customer clutter 5
4976,4,Customer clutter 4
4984,5,Customer clutter 5
11159,4,Customer clutter 4
6292,1,Customer clutter 1
14051,1,Customer clutter 1
8464,2,Customer clutter 2
6305,1,Customer clutter 1
8459,5,Customer clutter 5
4978,5,Customer clutter 5
3269,5,Customer clutter 5
14060,1,Customer clutter 1
4993,1,Customer clutter 1
14057,1,Customer clutter 1
6314,2,Customer clutter 2
3289,5,Customer clutter 5
8803,1,Customer clutter 1
3278,5,Customer clutter 5
8461,5,Customer clutter 5
15403,4,Customer clutter 4
6904,4,Customer clutter 4
14734,1,Customer clutter 1
3293,5,Customer clutter 5
4994,3,Customer clutter 3
5006,1,Customer clutter 1
11187,5,Customer clutter 5
5008,1,Customer clutter 1
14085,1,Customer clutter 1
9756,4,Customer clutter 4
9412,1,Customer clutter 1
14737,4,Customer clutter 4
8477,1,Customer clutter 1
14086,5,Customer clutter 5
10740,4,Customer clutter 4
8478,1,Customer clutter 1
5009,4,Customer clutter 4
3311,1,Customer clutter 1
11737,3,Customer clutter 3
10908,2,Customer clutter 2
8485,4,Customer clutter 4
14095,1,Customer clutter 1
10743,4,Customer clutter 4
3315,1,Customer clutter 1
9435,4,Customer clutter 4
14096,5,Customer clutter 5
9419,1,Customer clutter 1
15407,1,Customer clutter 1
6913,1,Customer clutter 1
3325,1,Customer clutter 1
8488,3,Customer clutter 3
6327,1,Customer clutter 1
5013,4,Customer clutter 4
14104,1,Customer clutter 1
11221,1,Customer clutter 1
5011,3,Customer clutter 3
14741,1,Customer clutter 1
9420,5,Customer clutter 5
14105,1,Customer clutter 1
16281,4,Customer clutter 4
10744,1,Customer clutter 1
9757,3,Customer clutter 3
9427,2,Customer clutter 2
6330,4,Customer clutter 4
14111,1,Customer clutter 1
9423,3,Customer clutter 3
11672,1,Customer clutter 1
6917,1,Customer clutter 1
9424,1,Customer clutter 1
10761,3,Customer clutter 3
3331,2,Customer clutter 2
14122,5,Customer clutter 5
15850,1,Customer clutter 1
6333,4,Customer clutter 4
4517,1,Customer clutter 1
14127,5,Customer clutter 5
15412,1,Customer clutter 1
12000,1,Customer clutter 1
8847,5,Customer clutter 5
5025,5,Customer clutter 5
3353,5,Customer clutter 5
3351,1,Customer clutter 1
5029,1,Customer clutter 1
15852,1,Customer clutter 1
15414,5,Customer clutter 5
11420,1,Customer clutter 1
3355,1,Customer clutter 1
6335,1,Customer clutter 1
14132,3,Customer clutter 3
3363,1,Customer clutter 1
14130,4,Customer clutter 4
11080,1,Customer clutter 1
11242,5,Customer clutter 5
11579,2,Customer clutter 2
8504,1,Customer clutter 1
6344,4,Customer clutter 4
10753,1,Customer clutter 1
15419,1,Customer clutter 1
5031,1,Customer clutter 1
6340,2,Customer clutter 2
6355,4,Customer clutter 4
14135,1,Customer clutter 1
11191,5,Customer clutter 5
8519,5,Customer clutter 5
6920,5,Customer clutter 5
6924,4,Customer clutter 4
14139,1,Customer clutter 1
14138,5,Customer clutter 5
8520,1,Customer clutter 1
6922,1,Customer clutter 1
5036,5,Customer clutter 5
8523,4,Customer clutter 4
3386,5,Customer clutter 5
6350,1,Customer clutter 1
16287,4,Customer clutter 4
14144,1,Customer clutter 1
6348,4,Customer clutter 4
14146,1,Customer clutter 1
3394,1,Customer clutter 1
14148,1,Customer clutter 1
6358,1,Customer clutter 1
16292,4,Customer clutter 4
3391,1,Customer clutter 1
9760,5,Customer clutter 5
11298,1,Customer clutter 1
5044,1,Customer clutter 1
6370,3,Customer clutter 3
14159,5,Customer clutter 5
3395,5,Customer clutter 5
6365,5,Customer clutter 5
3398,5,Customer clutter 5
14154,5,Customer clutter 5
6923,1,Customer clutter 1
5055,1,Customer clutter 1
10765,3,Customer clutter 3
8539,5,Customer clutter 5
8552,5,Customer clutter 5
8540,1,Customer clutter 1
15426,4,Customer clutter 4
16294,1,Customer clutter 1
14177,3,Customer clutter 3
5056,4,Customer clutter 4
5053,3,Customer clutter 3
5050,1,Customer clutter 1
16295,1,Customer clutter 1
10767,1,Customer clutter 1
9767,4,Customer clutter 4
8536,1,Customer clutter 1
10781,4,Customer clutter 4
5057,3,Customer clutter 3
8543,1,Customer clutter 1
3424,1,Customer clutter 1
3420,1,Customer clutter 1
8548,2,Customer clutter 2
5058,4,Customer clutter 4
9449,4,Customer clutter 4
8557,3,Customer clutter 3
11662,3,Customer clutter 3
15864,5,Customer clutter 5
8564,4,Customer clutter 4
14183,1,Customer clutter 1
8568,5,Customer clutter 5
5060,3,Customer clutter 3
3433,2,Customer clutter 2
11508,1,Customer clutter 1
3431,1,Customer clutter 1
10818,3,Customer clutter 3
3451,4,Customer clutter 4
14196,5,Customer clutter 5
15439,1,Customer clutter 1
3447,5,Customer clutter 5
3452,4,Customer clutter 4
8562,4,Customer clutter 4
11037,3,Customer clutter 3
14197,1,Customer clutter 1
14192,1,Customer clutter 1
11790,1,Customer clutter 1
8563,4,Customer clutter 4
3446,2,Customer clutter 2
8567,5,Customer clutter 5
5066,1,Customer clutter 1
3455,4,Customer clutter 4
14203,4,Customer clutter 4
11260,1,Customer clutter 1
15865,1,Customer clutter 1
3458,2,Customer clutter 2
3463,1,Customer clutter 1
11791,1,Customer clutter 1
3457,1,Customer clutter 1
9762,1,Customer clutter 1
16301,1,Customer clutter 1
8586,1,Customer clutter 1
6394,1,Customer clutter 1
8588,1,Customer clutter 1
8584,3,Customer clutter 3
14213,5,Customer clutter 5
3468,5,Customer clutter 5
16303,1,Customer clutter 1
8577,1,Customer clutter 1
6396,1,Customer clutter 1
14216,4,Customer clutter 4
9465,3,Customer clutter 3
5076,4,Customer clutter 4
6395,1,Customer clutter 1
6409,1,Customer clutter 1
9230,1,Customer clutter 1
11368,4,Customer clutter 4
14221,5,Customer clutter 5
6937,5,Customer clutter 5
6939,1,Customer clutter 1
14219,1,Customer clutter 1
9458,1,Customer clutter 1
5081,1,Customer clutter 1
16306,1,Customer clutter 1
3497,1,Customer clutter 1
15447,1,Customer clutter 1
11348,3,Customer clutter 3
9471,4,Customer clutter 4
5080,5,Customer clutter 5
14233,1,Customer clutter 1
6940,1,Customer clutter 1
8606,1,Customer clutter 1
6952,4,Customer clutter 4
14239,1,Customer clutter 1
14761,1,Customer clutter 1
15449,1,Customer clutter 1
6415,4,Customer clutter 4
6948,1,Customer clutter 1
3513,1,Customer clutter 1
6950,1,Customer clutter 1
6951,2,Customer clutter 2
6945,1,Customer clutter 1
15875,4,Customer clutter 4
6414,4,Customer clutter 4
5092,1,Customer clutter 1
14240,1,Customer clutter 1
3529,1,Customer clutter 1
3530,5,Customer clutter 5
5091,3,Customer clutter 3
8607,1,Customer clutter 1
6428,4,Customer clutter 4
11400,1,Customer clutter 1
15455,1,Customer clutter 1
5090,3,Customer clutter 3
10786,4,Customer clutter 4
15879,1,Customer clutter 1
3541,1,Customer clutter 1
5093,4,Customer clutter 4
3545,1,Customer clutter 1
9784,1,Customer clutter 1
3552,1,Customer clutter 1
14257,5,Customer clutter 5
8614,5,Customer clutter 5
15459,1,Customer clutter 1
14251,1,Customer clutter 1
14768,1,Customer clutter 1
8622,4,Customer clutter 4
8623,5,Customer clutter 5
14253,4,Customer clutter 4
11481,5,Customer clutter 5
6953,1,Customer clutter 1
3555,1,Customer clutter 1
15458,1,Customer clutter 1
6432,5,Customer clutter 5
11634,4,Customer clutter 4
14260,5,Customer clutter 5
3568,5,Customer clutter 5
3570,3,Customer clutter 3
15463,1,Customer clutter 1
5107,4,Customer clutter 4
3571,3,Customer clutter 3
5105,1,Customer clutter 1
9476,1,Customer clutter 1
9470,1,Customer clutter 1
6954,5,Customer clutter 5
9484,2,Customer clutter 2
6955,5,Customer clutter 5
6441,1,Customer clutter 1
3587,5,Customer clutter 5
3579,4,Customer clutter 4
5110,3,Customer clutter 3
14283,1,Customer clutter 1
14282,2,Customer clutter 2
14279,5,Customer clutter 5
5104,1,Customer clutter 1
3586,5,Customer clutter 5
16316,1,Customer clutter 1
3583,4,Customer clutter 4
6434,5,Customer clutter 5
9778,3,Customer clutter 3
8639,1,Customer clutter 1
10805,1,Customer clutter 1
